FirstName,LastName,TicketNumber
Joshua,Flores,0001
John,Rodriguez,0002
Shirley,Bennett,0003
Daniel,Wood,0004
Alexander,Brooks,0005
George,Campbell,0006
Jason,Reed,0007
Robert,Alvarez,0008
Jessica,Rodriguez,0009
Joseph,Ramos,0010
Raymond,Scott,0011
David,Bailey,0012
Lisa,Lee,0013
Joseph,Murphy,0014
Donald,Nelson,0015
Barbara,Brooks,0016
Christopher,Ruiz,0017
Nicole,Myers,0018
Linda,Nelson,0019
Patricia,Phillips,0020
Brandon,Davis,0021
Brian,Adams,0022
Shirley,Jones,0023
Deborah,Ramos,0024
Paul,Sanchez,0025
Samuel,Sanders,0026
Robert,Cruz,0027
Catherine,Adams,0028
Helen,Roberts,0029
Jonathan,Roberts,0030
Timothy,Turner,0031
Mary,Walker,0032
Samuel,Taylor,0033
Michelle,Hill,0034
Sarah,Richardson,0035
Dorothy,Evans,0036
Timothy,Garcia,0037
John,Bennett,0038
Joshua,Castillo,0039
Debra,Ramirez,0040
Patricia,Taylor,0041
Melissa,Kelly,0042
John,Alvarez,0043
John,Alvarez,0044
Jack,Morris,0045
Eric,Castillo,0046
Thomas,Rodriguez,0047
Karen,Torres,0048
Kenneth,Clark,0049
Gary,Thomas,0050
Jason,Brooks,0051
Patricia,Wright,0052
Brian,Wood,0053
Andrew,Williams,0054
Sandra,Rivera,0055
Stephen,Flores,0056
Kimberly,Price,0057
Ronald,Torres,0058
Nancy,Reed,0059
Scott,Cruz,0060
Ruth,Scott,0061
Matthew,Ortiz,0062
Jessica,Kelly,0063
Samantha,Hall,0064
Linda,Carter,0065
Stephen,Garcia,0066
Emily,Jones,0067
Cynthia,Gomez,0068
Jennifer,Anderson,0069
Catherine,Lee,0070
Sharon,Evans,0071
Samantha,Flores,0072
Elizabeth,Bennett,0073
Jeffrey,Harris,0074
Matthew,Phillips,0075
Rebecca,Peterson,0076
George,Mendoza,0077
William,Bennett,0078
Eric,Morales,0079
Virginia,Morales,0080
Mark,Thomas,0081
Frank,Martinez,0082
Brandon,Smith,0083
Rebecca,Baker,0084
Brian,Young,0085
Anthony,Miller,0086
Shirley,Gonzalez,0087
Betty,Gomez,0088
Sarah,Mendoza,0089
Patricia,Richardson,0090
Nicole,Peterson,0091
Stephen,Wright,0092
Edward,Sanchez,0093
Benjamin,Cox,0094
Larry,Phillips,0095
Linda,Adams,0096
Sarah,Green,0097
Amanda,Thompson,0098
Deborah,Jones,0099
Alexander,Patel,0100
Nicole,Patel,0101
Catherine,Moore,0102
Ryan,Thomas,0103
George,Ward,0104
Samantha,Gutierrez,0105
Linda,Peterson,0106
Charles,Stewart,0107
Thomas,Sanders,0108
Rachel,Gray,0109
Justin,Harris,0110
Samantha,Gutierrez,0111
James,Reed,0112
Rachel,Evans,0113
Robert,Kim,0114
Pamela,Cox,0115
Jeffrey,Wood,0116
Emma,Perez,0117
Christopher,King,0118
Sandra,Gutierrez,0119
Brenda,Martinez,0120
Amy,Cox,0121
Andrew,Chavez,0122
David,Johnson,0123
Brenda,Hughes,0124
Jessica,Wright,0125
Nicole,Scott,0126
Larry,Hill,0127
Kevin,Peterson,0128
Catherine,Walker,0129
Mary,Diaz,0130
Laura,Robinson,0131
James,Hernandez,0132
Deborah,Morris,0133
Angela,James,0134
Thomas,Thompson,0135
Lisa,Mitchell,0136
Paul,Cooper,0137
Nicholas,Bennett,0138
Charles,Ramirez,0139
Carol,Ward,0140
Pamela,Morris,0141
Helen,King,0142
Gary,Morales,0143
Jacob,Green,0144
Jack,Torres,0145
Edward,Clark,0146
Larry,Cook,0147
Mary,Mendoza,0148
Jessica,Taylor,0149
Joshua,Alvarez,0150
Susan,Baker,0151
Sharon,Wood,0152
Timothy,Ortiz,0153
Donna,Flores,0154
Christopher,Turner,0155
Mark,Hill,0156
Sarah,Turner,0157
Donna,Wilson,0158
Brian,Hughes,0159
Betty,Collins,0160
Jason,Evans,0161
Justin,Gray,0162
Justin,Hernandez,0163
Patricia,Perez,0164
Patricia,Phillips,0165
Elizabeth,Myers,0166
Jonathan,Patel,0167
Pamela,Jackson,0168
Shirley,Thomas,0169
Mary,Taylor,0170
Timothy,Castillo,0171
Joseph,Taylor,0172
John,Ramirez,0173
Shirley,Wood,0174
Ruth,Richardson,0175
Donald,Jones,0176
Debra,Castillo,0177
Paul,Gutierrez,0178
Brian,Peterson,0179
Ashley,Sanchez,0180
Sarah,Reyes,0181
Jack,Ward,0182
Janet,Sanders,0183
Alexander,Ward,0184
Katherine,Martin,0185
Pamela,Collins,0186
Eric,Watson,0187
Anthony,Morgan,0188
Samuel,Ruiz,0189
Richard,Patel,0190
Carol,Edwards,0191
David,Rogers,0192
Anthony,Cox,0193
Justin,Diaz,0194
Samuel,Morris,0195
Kimberly,Nguyen,0196
Barbara,Ruiz,0197
Christine,Diaz,0198
Ryan,Martin,0199
Mark,Turner,0200
Jacob,Kim,0201
Anna,Campbell,0202
Brian,Rodriguez,0203
Kevin,Alvarez,0204
Gregory,Diaz,0205
Alexander,Reed,0206
Patricia,Sanders,0207
Linda,Hill,0208
Debra,Lewis,0209
William,Kelly,0210
Dorothy,Ortiz,0211
Janet,Baker,0212
Cynthia,Martin,0213
Christopher,Morales,0214
Amy,Reyes,0215
Edward,Hall,0216
Eric,Williams,0217
Paul,Cooper,0218
Elizabeth,Hughes,0219
George,Turner,0220
Deborah,Rogers,0221
Andrew,Mitchell,0222
Nicole,Hernandez,0223
Gary,Young,0224
Ronald,Harris,0225
Robert,Ortiz,0226
Virginia,Lee,0227
Brenda,Myers,0228
Christine,Lewis,0229
Rachel,Rodriguez,0230
Larry,Wilson,0231
Laura,Brooks,0232
Edward,Edwards,0233
Shirley,Howard,0234
Brandon,Moore,0235
Justin,Richardson,0236
Cynthia,Lopez,0237
Virginia,Lee,0238
Sandra,Sanders,0239
Carol,Garcia,0240
Samuel,Price,0241
Emma,Brown,0242
Mark,Carter,0243
Raymond,Bennett,0244
Brandon,Collins,0245
Sarah,Martinez,0246
Angela,Thomas,0247
Rebecca,Howard,0248
Michael,Ruiz,0249
Nicholas,Hill,0250
Andrew,Ruiz,0251
Brian,Davis,0252
Patricia,Young,0253
Daniel,Watson,0254
Timothy,Campbell,0255
Emily,Watson,0256
Stephanie,Parker,0257
Shirley,Jackson,0258
John,Sanchez,0259
Deborah,Cruz,0260
Michelle,Robinson,0261
Betty,Morris,0262
Dorothy,Nguyen,0263
Jessica,Cruz,0264
Andrew,Sanders,0265
Daniel,Flores,0266
Jack,Cooper,0267
Mark,Brown,0268
George,Watson,0269
Larry,Cooper,0270
Timothy,Ward,0271
Sandra,Turner,0272
Justin,Phillips,0273
Shirley,Jones,0274
Michael,Williams,0275
Eric,Jackson,0276
Timothy,Jones,0277
Justin,Scott,0278
Stephanie,Alvarez,0279
Sharon,Smith,0280
Ruth,Williams,0281
Emma,Hughes,0282
David,Martinez,0283
Katherine,Clark,0284
Janet,Moore,0285
Jonathan,Sanchez,0286
Donna,Howard,0287
Kathleen,Reed,0288
Eric,Patel,0289
Nancy,Evans,0290
Patricia,Martin,0291
Patrick,King,0292
Matthew,Rogers,0293
Edward,Williams,0294
Kathleen,Richardson,0295
Rebecca,Thomas,0296
Gregory,Cooper,0297
Carol,Alvarez,0298
Kathleen,Flores,0299
Cynthia,Flores,0300
Angela,Martinez,0301
Kevin,Rodriguez,0302
Jennifer,Young,0303
Christine,Smith,0304
Anna,Price,0305
James,Davis,0306
Ruth,Gutierrez,0307
Melissa,Ramirez,0308
Eric,Rodriguez,0309
Michael,Nguyen,0310
Joshua,Bennett,0311
Jason,Hall,0312
Nicole,Moore,0313
Scott,Murphy,0314
Pamela,Hughes,0315
Katherine,Green,0316
Carol,Bailey,0317
David,Bailey,0318
George,Cruz,0319
Pamela,Harris,0320
Betty,Reyes,0321
Mark,Lee,0322
Kenneth,Mendoza,0323
Ashley,Allen,0324
Brian,Hill,0325
David,White,0326
Andrew,Castillo,0327
Donna,Flores,0328
Christopher,Morris,0329
Barbara,Richardson,0330
Charles,Hall,0331
Stephanie,Nguyen,0332
Kevin,Walker,0333
James,Chavez,0334
Ashley,Gray,0335
Emma,Davis,0336
Patricia,Patel,0337
Karen,Stewart,0338
Jeffrey,Chavez,0339
Nicholas,Baker,0340
Catherine,Ward,0341
Laura,Cruz,0342
Paul,Ruiz,0343
Karen,Bailey,0344
Raymond,Davis,0345
Mark,Harris,0346
Joseph,Rogers,0347
Anthony,Moore,0348
Kimberly,Scott,0349
Pamela,Wilson,0350
Stephanie,Cox,0351
Kevin,Lewis,0352
Michelle,Anderson,0353
Joseph,Clark,0354
Scott,Sanchez,0355
Alexander,Campbell,0356
Helen,Cox,0357
Donald,Cox,0358
Carol,Watson,0359
John,Rogers,0360
Shirley,Sanchez,0361
Gary,Jones,0362
Joseph,Ramirez,0363
Brandon,Hall,0364
Eric,Robinson,0365
Virginia,Allen,0366
Elizabeth,Peterson,0367
Carol,Reed,0368
Larry,Torres,0369
Virginia,Reyes,0370
Kevin,Adams,0371
Scott,Brown,0372
Amanda,Nelson,0373
Raymond,White,0374
Jason,Martinez,0375
Matthew,Reyes,0376
Anna,Jackson,0377
Mary,Rodriguez,0378
Ryan,Miller,0379
Rebecca,Brooks,0380
Richard,Allen,0381
John,Gutierrez,0382
Raymond,Morris,0383
Sharon,Brown,0384
Justin,Davis,0385
Pamela,Cooper,0386
William,Hall,0387
Patricia,Patel,0388
William,Garcia,0389
Emma,Collins,0390
Janet,Murphy,0391
Joshua,Thompson,0392
Anna,Reed,0393
Shirley,Rogers,0394
Janet,Patel,0395
Steven,Sanchez,0396
Richard,Wright,0397
Mary,Harris,0398
Nicholas,Kelly,0399
Nicole,Taylor,0400
Jeffrey,Smith,0401
Amy,Harris,0402
Ryan,Robinson,0403
Scott,Morgan,0404
Christopher,Price,0405
Stephen,Hall,0406
Anna,Brooks,0407
Anthony,Bailey,0408
Daniel,Alvarez,0409
Samuel,Clark,0410
Shirley,Rodriguez,0411
Sarah,Miller,0412
Karen,Nguyen,0413
Lisa,Nguyen,0414
Melissa,Green,0415
Timothy,Wood,0416
Brian,Chavez,0417
Jennifer,Brown,0418
Richard,Mendoza,0419
Michael,Diaz,0420
Charles,Hill,0421
Helen,Hernandez,0422
Shirley,Watson,0423
Amy,Mendoza,0424
Barbara,Cox,0425
Betty,Collins,0426
Matthew,Kim,0427
Brian,Brown,0428
Karen,Cox,0429
Mary,Phillips,0430
Donald,Kim,0431
Paul,King,0432
Timothy,Richardson,0433
Gregory,Davis,0434
George,Wilson,0435
Alexander,Garcia,0436
Jennifer,Parker,0437
Charles,Reyes,0438
Samuel,Green,0439
Betty,King,0440
Katherine,Garcia,0441
Karen,Diaz,0442
Eric,Jackson,0443
Sandra,Patel,0444
Dorothy,Sanders,0445
Samuel,Jackson,0446
Jennifer,Wood,0447
Christine,Moore,0448
Benjamin,Garcia,0449
James,Lopez,0450
Larry,Rodriguez,0451
Catherine,Castillo,0452
Samuel,Cook,0453
Sandra,Sanchez,0454
Sharon,Gomez,0455
Nicole,Anderson,0456
Benjamin,Evans,0457
Thomas,Green,0458
Rebecca,Hall,0459
Ronald,Wilson,0460
Matthew,Walker,0461
Ronald,Cook,0462
John,Mitchell,0463
Carol,Sanchez,0464
Nicholas,Reyes,0465
Ryan,Thomas,0466
Stephen,King,0467
Mark,Mitchell,0468
Amanda,White,0469
Ronald,Evans,0470
Shirley,Ruiz,0471
Pamela,Lewis,0472
Jessica,Watson,0473
Anna,Thompson,0474
Larry,Kim,0475
Daniel,King,0476
Eric,Sanchez,0477
Paul,Cook,0478
Steven,Gomez,0479
Nancy,Peterson,0480
Nancy,Sanders,0481
Sharon,Ruiz,0482
David,Thompson,0483
Charles,Davis,0484
Amanda,Kim,0485
Eric,Ramos,0486
Patricia,Nguyen,0487
Gary,Sanchez,0488
Gregory,Ramos,0489
George,Reyes,0490
Debra,Brown,0491
Kenneth,Price,0492
Laura,Sanders,0493
Gary,Morgan,0494
David,Harris,0495
Betty,Cooper,0496
Deborah,Johnson,0497
Jonathan,Hernandez,0498
Melissa,Rogers,0499
Ruth,Martin,0500
Ryan,Brooks,0501
Jacob,Gutierrez,0502
Samuel,Wood,0503
Janet,Reed,0504
Charles,Perez,0505
Anthony,Ortiz,0506
Brian,Johnson,0507
Rebecca,Turner,0508
Patrick,Kim,0509
Samuel,Allen,0510
Christopher,Ward,0511
Kevin,Moore,0512
Patricia,Collins,0513
Jacob,Morgan,0514
Linda,Alvarez,0515
Linda,Reyes,0516
Justin,King,0517
Justin,Myers,0518
Janet,Baker,0519
Laura,Reed,0520
Christine,Edwards,0521
Gary,Patel,0522
Lisa,Morris,0523
Rebecca,Hughes,0524
Sharon,Davis,0525
Donald,Rodriguez,0526
Nicole,Young,0527
Ruth,Anderson,0528
Virginia,Patel,0529
Michael,Hernandez,0530
Debra,Rivera,0531
Jennifer,White,0532
Angela,Turner,0533
Kenneth,Roberts,0534
Elizabeth,Baker,0535
Pamela,Gonzalez,0536
Richard,Rogers,0537
James,Turner,0538
Lisa,Phillips,0539
Ashley,Ortiz,0540
Charles,Harris,0541
Matthew,Adams,0542
Steven,Miller,0543
Robert,Castillo,0544
Frank,Evans,0545
William,Lewis,0546
Jessica,Cruz,0547
Betty,Castillo,0548
Nicole,Hernandez,0549
Joseph,Stewart,0550
Gary,Kim,0551
Steven,James,0552
Raymond,Morris,0553
Stephen,Edwards,0554
Jennifer,Bennett,0555
Brian,Castillo,0556
Linda,Hernandez,0557
Deborah,Lopez,0558
Deborah,Patel,0559
Jessica,Wright,0560
Christopher,Miller,0561
Donna,Reed,0562
Justin,Green,0563
David,Cook,0564
Shirley,White,0565
Joshua,Martin,0566
Joshua,Ramos,0567
Richard,Wright,0568
Richard,Diaz,0569
Dorothy,Gray,0570
Joseph,Evans,0571
Rachel,Hall,0572
Justin,Gomez,0573
Melissa,Bennett,0574
Michael,Price,0575
Amy,Morgan,0576
Michelle,Bennett,0577
Kimberly,Torres,0578
Gregory,Ramirez,0579
James,Rogers,0580
Timothy,Morris,0581
Timothy,Green,0582
Emily,Watson,0583
William,Stewart,0584
Debra,Morales,0585
Patricia,Miller,0586
Catherine,Gomez,0587
Matthew,Morris,0588
Jennifer,Ward,0589
Shirley,Brown,0590
Sarah,Collins,0591
Brian,Smith,0592
James,Smith,0593
Justin,Martinez,0594
Justin,Mendoza,0595
Charles,Bennett,0596
John,Richardson,0597
Jack,Wilson,0598
Janet,Ruiz,0599
Thomas,Hill,0600
Edward,Kim,0601
Anthony,Lee,0602
Katherine,Mendoza,0603
Brandon,Ortiz,0604
Andrew,Castillo,0605
Sandra,Ramirez,0606
David,Scott,0607
Jack,Martinez,0608
Donald,Hernandez,0609
Angela,Anderson,0610
Paul,Collins,0611
Emma,Adams,0612
Jessica,Stewart,0613
Melissa,Wood,0614
Virginia,Moore,0615
Karen,Richardson,0616
Scott,Allen,0617
Brandon,Smith,0618
Ronald,Chavez,0619
Donald,Reyes,0620
Barbara,Gomez,0621
Mary,Brown,0622
Raymond,Torres,0623
Daniel,Kim,0624
Jack,Gomez,0625
Sharon,James,0626
Raymond,Turner,0627
Jacob,Martin,0628
Nancy,Flores,0629
Janet,Edwards,0630
Patrick,Ramirez,0631
Ruth,Rogers,0632
Angela,Johnson,0633
Kimberly,Lewis,0634
Debra,Johnson,0635
Melissa,Ruiz,0636
Stephanie,Reyes,0637
Cynthia,Green,0638
Jessica,Lewis,0639
Stephanie,Young,0640
Janet,Bennett,0641
Kathleen,Carter,0642
Katherine,Allen,0643
Robert,Lewis,0644
Angela,Parker,0645
Susan,Bailey,0646
William,Smith,0647
Joseph,Flores,0648
Christine,Bennett,0649
Emily,Nelson,0650
Laura,Howard,0651
Brenda,Scott,0652
Emma,Phillips,0653
Mark,Thompson,0654
Lisa,Moore,0655
Ronald,Campbell,0656
Brian,Richardson,0657
Lisa,Flores,0658
Nicole,Williams,0659
John,Hughes,0660
Gregory,Rivera,0661
Susan,Cox,0662
Cynthia,Bennett,0663
Justin,Davis,0664
Deborah,Sanders,0665
Susan,Roberts,0666
Mary,Ramirez,0667
Mark,Perez,0668
Janet,Ruiz,0669
Edward,Moore,0670
Paul,Watson,0671
Stephen,Gomez,0672
Brenda,James,0673
Brandon,Diaz,0674
Brandon,Young,0675
Ruth,Scott,0676
Catherine,Rivera,0677
Nicole,Turner,0678
Christopher,Bailey,0679
Jacob,Howard,0680
Anthony,Rogers,0681
Jennifer,Brown,0682
Steven,Jones,0683
George,Peterson,0684
Barbara,Anderson,0685
Nancy,Wilson,0686
Gregory,Taylor,0687
Donna,Taylor,0688
Patricia,Hughes,0689
Jack,Johnson,0690
Lisa,Chavez,0691
Melissa,Kim,0692
Amanda,Ward,0693
Ruth,Campbell,0694
Nicholas,White,0695
Robert,Brooks,0696
Kenneth,Ortiz,0697
George,Turner,0698
Andrew,Brooks,0699
Susan,Wright,0700
Robert,Baker,0701
Melissa,Lewis,0702
Jeffrey,Taylor,0703
Susan,Stewart,0704
Brian,Green,0705
Linda,Kelly,0706
Larry,Garcia,0707
Melissa,Ruiz,0708
Sandra,Lee,0709
David,Mitchell,0710
Katherine,Parker,0711
Kimberly,Allen,0712
Charles,Lopez,0713
Andrew,Phillips,0714
Sarah,Morris,0715
Jonathan,Roberts,0716
Helen,Wilson,0717
Samuel,Garcia,0718
Frank,Reyes,0719
Ruth,Taylor,0720
Justin,Morales,0721
Sarah,Lee,0722
Richard,Ramos,0723
Andrew,James,0724
Jeffrey,Chavez,0725
Gregory,Chavez,0726
Angela,Reyes,0727
Nicholas,Howard,0728
Jonathan,White,0729
Richard,Clark,0730
Shirley,Reyes,0731
Kimberly,Howard,0732
Mark,Lee,0733
Kimberly,Lee,0734
Amy,Ruiz,0735
Cynthia,Rivera,0736
Pamela,Anderson,0737
Alexander,Gonzalez,0738
Paul,White,0739
Sarah,Watson,0740
Jason,Morris,0741
Kenneth,Robinson,0742
Melissa,Campbell,0743
Daniel,Thomas,0744
Patricia,Hernandez,0745
Jonathan,Roberts,0746
George,Sanchez,0747
George,Ramos,0748
Gregory,Hernandez,0749
Michelle,Gomez,0750
Edward,Kelly,0751
Kimberly,Cooper,0752
Sandra,Morales,0753
Brandon,Miller,0754
Barbara,James,0755
Sandra,Adams,0756
Amanda,Lewis,0757
Anna,Young,0758
Pamela,Gonzalez,0759
Linda,Rogers,0760
Samantha,Hughes,0761
Jeffrey,Ward,0762
Melissa,King,0763
Mary,Allen,0764
Jack,Peterson,0765
Michelle,Patel,0766
Dorothy,Cook,0767
Melissa,Allen,0768
Donna,Clark,0769
George,Perez,0770
Katherine,White,0771
Amy,Gutierrez,0772
Stephanie,Sanchez,0773
Andrew,Phillips,0774
Frank,Morris,0775
Samuel,Nguyen,0776
Frank,Mendoza,0777
Stephanie,Clark,0778
Stephanie,Reyes,0779
Michael,Morgan,0780
Christopher,Adams,0781
Eric,King,0782
Emily,Evans,0783
Jonathan,Mendoza,0784
Nicholas,Cook,0785
Linda,Campbell,0786
Carol,Peterson,0787
Mark,Ruiz,0788
Jeffrey,Diaz,0789
Kenneth,Green,0790
Justin,Phillips,0791
Anna,Campbell,0792
Anna,King,0793
Ronald,James,0794
Richard,Brown,0795
Charles,Roberts,0796
Benjamin,Stewart,0797
Donald,Wright,0798
Jack,Morales,0799
Helen,Gutierrez,0800
Rachel,Jackson,0801
Cynthia,Rogers,0802
Patricia,Alvarez,0803
Kathleen,Hill,0804
Stephanie,Brown,0805
Brian,Campbell,0806
Emily,Bailey,0807
Stephen,Kim,0808
Donald,Wilson,0809
Charles,Ward,0810
Jason,Anderson,0811
William,Adams,0812
David,Martinez,0813
Ruth,James,0814
Eric,Johnson,0815
Donna,Brooks,0816
Joseph,Flores,0817
Robert,Cooper,0818
Donald,Davis,0819
Joshua,Ward,0820
Angela,Reed,0821
Christopher,Lee,0822
William,Rivera,0823
Samuel,Hill,0824
Melissa,Carter,0825
Stephen,Reyes,0826
Eric,Carter,0827
Timothy,Martinez,0828
Eric,Scott,0829
Anna,Gonzalez,0830
Cynthia,Sanders,0831
Jennifer,Howard,0832
Elizabeth,Martinez,0833
Brandon,Harris,0834
Emma,Roberts,0835
Helen,Ortiz,0836
Rebecca,Johnson,0837
Michelle,Reed,0838
Matthew,Campbell,0839
Daniel,Cruz,0840
Paul,Campbell,0841
Virginia,Johnson,0842
Michelle,King,0843
Catherine,Hughes,0844
Sharon,Scott,0845
Laura,Reyes,0846
Ronald,Jones,0847
Samantha,Howard,0848
Jacob,Murphy,0849
Gary,Myers,0850
Catherine,Gomez,0851
Benjamin,Bailey,0852
Betty,Carter,0853
Rachel,Miller,0854
Jeffrey,Howard,0855
Ruth,Carter,0856
Kenneth,Brooks,0857
Edward,Ward,0858
Linda,Ruiz,0859
Emma,Nelson,0860
Brandon,Wilson,0861
Jeffrey,Bailey,0862
Barbara,Walker,0863
Brenda,Brown,0864
Carol,Lewis,0865
Stephanie,Smith,0866
Christine,Baker,0867
Eric,Martinez,0868
Amanda,Roberts,0869
Kathleen,Evans,0870
Richard,Clark,0871
David,Kim,0872
Frank,Anderson,0873
Rebecca,Gomez,0874
Brandon,Evans,0875
Anthony,Jackson,0876
Paul,Carter,0877
Samantha,Price,0878
Amanda,Taylor,0879
Rebecca,Robinson,0880
Cynthia,Torres,0881
Barbara,Thompson,0882
Kenneth,Brown,0883
Larry,Davis,0884
Jessica,Mitchell,0885
Andrew,Smith,0886
Edward,Clark,0887
Raymond,Hernandez,0888
Dorothy,Lee,0889
Scott,Rogers,0890
Virginia,Miller,0891
David,Morris,0892
James,Diaz,0893
Donald,Taylor,0894
Jason,Cooper,0895
Benjamin,Garcia,0896
Katherine,Torres,0897
Gregory,Nguyen,0898
Brian,Cruz,0899
Jacob,Rivera,0900
Brenda,Davis,0901
Amy,Clark,0902
Edward,Johnson,0903
Ashley,Garcia,0904
Ronald,Miller,0905
Brenda,Gray,0906
Jason,Edwards,0907
Anthony,Kelly,0908
Sandra,Cooper,0909
Shirley,Walker,0910
Katherine,Hughes,0911
Richard,Collins,0912
Gary,Anderson,0913
Jennifer,Richardson,0914
John,Miller,0915
Karen,Nguyen,0916
Anna,Wood,0917
Andrew,Cook,0918
George,Anderson,0919
Carol,Carter,0920
Stephanie,Phillips,0921
Donald,Reyes,0922
Patrick,Jackson,0923
Ashley,Hall,0924
Jeffrey,Castillo,0925
Steven,Morgan,0926
Kimberly,Gray,0927
Jennifer,Wilson,0928
Debra,Johnson,0929
Daniel,Nelson,0930
Elizabeth,Myers,0931
Kevin,Sanchez,0932
Sarah,Price,0933
Deborah,Harris,0934
Larry,Garcia,0935
Eric,Mitchell,0936
Jennifer,Martinez,0937
Stephanie,Myers,0938
Charles,Cook,0939
Daniel,Bennett,0940
Mark,Jones,0941
Anna,Chavez,0942
Edward,Carter,0943
Frank,Cooper,0944
Jennifer,Green,0945
Timothy,Patel,0946
Christopher,Ramirez,0947
Betty,Williams,0948
Emily,Hill,0949
Jason,Hill,0950
Kathleen,Adams,0951
Emily,Ruiz,0952
William,Anderson,0953
Kimberly,Thompson,0954
Charles,Anderson,0955
George,Chavez,0956
Richard,Brown,0957
Ruth,Roberts,0958
Jason,Gutierrez,0959
Pamela,Hall,0960
Ronald,Hill,0961
Edward,Morris,0962
Scott,Smith,0963
Mark,Thompson,0964
Larry,Johnson,0965
Karen,Brown,0966
Michelle,Hall,0967
Jessica,Hernandez,0968
Karen,Thompson,0969
Virginia,Thompson,0970
Emily,Sanders,0971
Patrick,Wilson,0972
William,Watson,0973
Patricia,Young,0974
Jessica,Bailey,0975
William,Brooks,0976
Robert,Ramirez,0977
Brenda,Hernandez,0978
Andrew,Watson,0979
Brenda,Ramos,0980
Benjamin,Rodriguez,0981
Kathleen,Clark,0982
Sharon,Wilson,0983
Frank,Watson,0984
Debra,Martin,0985
Christopher,Davis,0986
Kenneth,Morgan,0987
Anna,Gomez,0988
Richard,Kim,0989
Elizabeth,Flores,0990
Benjamin,Harris,0991
Susan,Allen,0992
Christine,Lee,0993
Brandon,Martin,0994
Nancy,Castillo,0995
Elizabeth,Perez,0996
Thomas,Hall,0997
Jack,Brooks,0998
Patrick,Cook,0999
Nancy,Gutierrez,1000